,Player,Span,Mat,Inns,NO,Runs,HS,Ave,100,50,0,Unnamed: 11,Year_of_debut,Last_played,Country
0,['SR Tendulkar '],1989-2013,200,329,33,15921,248,53.78,51,68,14,,1989,2013,IND
1,['RT Ponting '],1995-2012,168,287,29,13378,257,51.85,41,62,17,,1995,2012,AUS
2,['JH Kallis '],1995-2013,166,280,40,13289,224,55.37,45,58,16,,1995,2013,SA
3,['R Dravid '],1996-2012,164,286,32,13288,270,52.31,36,63,8,,1996,2012,IND
4,['JE Root '],2012-2024,151,276,23,12886,262,50.93,36,64,13,,2012,2024,ENG
5,['AN Cook '],2006-2018,161,291,16,12472,294,45.35,33,57,9,,2006,2018,ENG
6,['KC Sangakkara '],2000-2015,134,233,17,12400,319,57.4,38,52,11,,2000,2015,SL
7,['BC Lara '],1990-2006,131,232,6,11953,400,52.88,34,48,17,,1990,2006,WI
8,['S Chanderpaul '],1994-2015,164,280,49,11867,203,51.37,30,66,15,,1994,2015,WI
9,['DPMD Jayawardene '],1997-2014,149,252,15,11814,374,49.84,34,50,15,,1997,2014,SL
10,['AR Border '],1978-1994,156,265,44,11174,205,50.56,27,63,11,,1978,1994,AUS
11,['SR Waugh '],1985-2004,168,260,46,10927,200,51.06,32,50,22,,1985,2004,AUS
12,['SM Gavaskar '],1971-1987,125,214,16,10122,236,51.12,34,45,12,,1971,1987,IND
13,['Younis Khan '],2000-2017,118,213,19,10099,313,52.05,34,33,19,,2000,2017,PAK
14,['SPD Smith '],2010-2024,111,198,25,9704,239,56.09,32,41,11,,2010,2024,AUS
15,['HM Amla '],2004-2019,124,215,16,9282,311,46.64,28,41,13,,2004,2019,SA
16,['GC Smith '],2002-2014,117,205,13,9265,277,48.25,27,38,11,,2002,2014,SA
17,['V Kohli '],2011-2024,120,205,13,9163,254,47.72,30,31,15,,2011,2024,IND
18,['KS Williamson '],2010-2024,104,184,17,9076,251,54.34,32,37,11,,2010,2024,NZ
19,['GA Gooch '],1975-1995,118,215,6,8900,333,42.58,20,46,13,,1975,1995,ENG
20,['Javed Miandad '],1976-1993,124,189,21,8832,280,52.57,23,43,6,,1976,1993,PAK
21,['Inzamam-ul-Haq '],1992-2007,120,200,22,8830,329,49.6,25,46,15,,1992,2007,PAK
22,['DA Warner '],2011-2024,112,205,8,8786,335,44.59,26,37,13,,2011,2024,AUS
23,['VVS Laxman '],1996-2012,134,225,34,8781,281,45.97,17,56,14,,1996,2012,IND
24,['AB de Villiers '],2004-2018,114,191,18,8765,278,50.66,22,46,8,,2004,2018,SA
25,['MJ Clarke '],2004-2015,115,198,22,8643,329,49.1,28,27,9,,2004,2015,AUS
26,['ML Hayden '],1994-2009,103,184,14,8625,380,50.73,30,29,14,,1994,2009,AUS
27,['V Sehwag '],2001-2013,104,180,6,8586,319,49.34,23,32,16,,2001,2013,IND
28,['IVA Richards '],1974-1991,121,182,12,8540,291,50.23,24,45,10,,1974,1991,WI
29,['AJ Stewart '],1990-2003,133,235,21,8463,190,39.54,15,45,14,,1990,2003,ENG
30,['DI Gower '],1978-1992,117,204,18,8231,215,44.25,18,39,7,,1978,1992,ENG
31,['KP Pietersen '],2005-2014,104,181,8,8181,227,47.28,23,35,10,,2005,2014,ENG
32,['G Boycott '],1964-1982,108,193,23,8114,246,47.72,22,42,10,,1964,1982,ENG
33,['AD Mathews '],2009-2024,116,206,27,8042,200,44.92,16,44,6,,2009,2024,SL
34,['GS Sobers '],1954-1974,93,160,21,8032,365,57.78,26,30,12,,1954,1974,WI
35,['ME Waugh '],1991-2002,128,209,17,8029,153,41.81,20,47,19,,1991,2002,AUS
36,['MA Atherton '],1989-2001,115,212,7,7728,185,37.69,16,46,20,,1989,2001,ENG
37,['IR Bell '],2004-2015,118,205,24,7727,235,42.69,22,46,14,,2004,2015,ENG
38,['JL Langer '],1993-2007,105,182,12,7696,250,45.27,23,30,11,,1993,2007,AUS
39,['LRPL Taylor '],2007-2022,112,196,24,7683,290,44.66,19,35,14,,2007,2022,NZ
40,['MC Cowdrey '],1954-1975,114,188,15,7624,182,44.06,22,38,9,,1954,1975,ENG
41,['CG Greenidge '],1974-1991,108,185,16,7558,226,44.72,19,34,11,,1974,1991,WI
42,['Mohammad Yousuf '],1998-2010,90,156,12,7530,223,52.29,24,33,11,,1998,2010,PAK
43,['MA Taylor '],1989-1999,104,186,13,7525,334,43.49,19,40,5,,1989,1999,AUS
44,['CH Lloyd '],1966-1985,110,175,14,7515,242,46.67,19,39,4,,1966,1985,WI
45,['DL Haynes '],1978-1994,116,202,25,7487,184,42.29,18,39,10,,1978,1994,WI
46,['DC Boon '],1984-1996,107,190,20,7422,200,43.65,21,32,16,,1984,1996,AUS
47,['G Kirsten '],1993-2004,101,176,15,7289,275,45.27,21,34,13,,1993,2004,SA
48,['WR Hammond '],1927-1947,85,140,16,7249,336,58.45,22,24,4,,1927,1947,ENG
49,['CH Gayle '],2000-2014,103,182,11,7214,333,42.18,15,37,15,,2000,2014,WI
50,['SC Ganguly '],1996-2008,113,188,17,7212,239,42.17,16,35,13,,1996,2008,IND
51,['CA Pujara '],2010-2023,103,176,11,7195,206,43.6,19,35,12,,2010,2023,IND
52,['SP Fleming '],1994-2008,111,189,10,7172,274,40.06,9,46,16,,1994,2008,NZ
53,['FDM Karunaratne '],2012-2024,98,187,7,7165,244,39.8,16,39,12,,2012,2024,SL
54,['Azhar Ali '],2010-2022,97,180,11,7142,302,42.26,19,35,19,,2010,2022,PAK
55,['GS Chappell '],1970-1984,87,151,19,7110,247,53.86,24,31,12,,1970,1984,AUS
56,['AJ Strauss '],2004-2012,100,178,6,7037,177,40.91,21,27,15,,2004,2012,ENG
57,['DG Bradman '],1928-1948,52,80,10,6996,334,99.94,29,13,7,,1928,1948,AUS
58,['ST Jayasuriya '],1991-2007,110,188,14,6973,340,40.07,14,31,15,,1991,2007,SL
59,['L Hutton '],1937-1955,79,138,15,6971,364,56.67,19,33,5,,1937,1955,ENG
60,['DB Vengsarkar '],1976-1992,116,185,22,6868,166,42.13,17,35,15,,1976,1992,IND
61,['KF Barrington '],1955-1968,82,131,15,6806,256,58.67,20,35,5,,1955,1968,ENG
62,['GP Thorpe '],1993-2005,100,179,28,6744,200,44.66,16,39,12,,1993,2005,ENG
63,['BA Stokes '],2013-2024,109,197,9,6692,258,35.59,13,35,15,,2013,2024,ENG
64,['BB McCullum '],2004-2016,101,176,9,6453,302,38.64,12,31,14,,2004,2016,NZ
65,['PA de Silva '],1984-2002,93,159,11,6361,267,42.97,20,22,7,,1984,2002,SL
66,['MEK Hussey '],2005-2013,79,137,16,6235,195,51.52,19,29,12,,2005,2013,AUS
67,['RB Kanhai '],1957-1974,79,137,6,6227,256,47.53,15,28,7,,1957,1974,WI
68,['M Azharuddin '],1984-2000,99,147,9,6215,199,45.03,22,21,5,,1984,2000,IND
69,['HH Gibbs '],1996-2008,90,154,7,6167,228,41.95,14,26,11,,1996,2008,SA
70,['RN Harvey '],1948-1963,79,137,10,6149,205,48.41,21,24,7,,1948,1963,AUS
71,['GR Viswanath '],1969-1983,91,155,10,6080,222,41.93,14,35,10,,1969,1983,IND
72,['JM Bairstow '],2012-2024,100,178,12,6042,167,36.39,12,26,17,,2012,2024,ENG
73,['LD Chandimal '],2011-2024,86,154,15,6019,206,43.3,16,30,8,,2011,2024,SL
74,['Mushfiqur Rahim '],2005-2024,94,174,15,6007,219,37.77,11,27,13,,2005,2024,BAN
75,['RB Richardson '],1983-1995,86,146,12,5949,194,44.39,16,27,8,,1983,1995,WI
76,['KC Brathwaite '],2011-2024,96,185,10,5851,212,33.43,12,30,18,,2011,2024,WI
77,['RR Sarwan '],2000-2011,87,154,8,5842,291,40.01,15,31,12,,2000,2011,WI
78,['ME Trescothick '],2000-2006,76,143,10,5825,219,43.79,14,29,12,,2000,2006,ENG
79,['DCS Compton '],1937-1957,78,131,15,5807,278,50.06,17,28,10,,1937,1957,ENG
80,['Saleem Malik '],1982-1999,103,154,22,5768,237,43.69,15,29,12,,1982,1999,PAK
81,['N Hussain '],1990-2004,96,171,16,5764,207,37.18,14,33,14,,1990,2004,ENG
82,['CL Hooper '],1987-2002,102,173,15,5762,233,36.46,13,27,13,,1987,2002,WI
83,['TWM Latham '],2014-2024,87,156,6,5752,264,38.34,13,30,13,,2014,2024,NZ
84,['MP Vaughan '],1999-2008,82,147,9,5719,197,41.44,18,18,9,,1999,2008,ENG
85,['AC Gilchrist '],1999-2008,96,137,20,5570,204,47.6,17,26,14,,1999,2008,AUS
86,['MV Boucher '],1997-2012,147,206,24,5515,125,30.3,5,35,17,,1997,2012,SA
87,['MS Atapattu '],1990-2007,90,156,15,5502,249,39.02,16,17,22,,1990,2007,SL
88,['TM Dilshan '],1999-2013,87,145,11,5492,193,40.98,16,23,14,,1999,2013,SL
89,['UT Khawaja '],2011-2024,75,135,13,5485,195,44.95,15,26,8,,2011,2024,AUS
90,['TT Samaraweera '],2001-2013,81,132,20,5462,231,48.76,14,30,11,,2001,2013,SL
91,['MD Crowe '],1982-1995,77,131,11,5444,299,45.36,17,18,9,,1982,1995,NZ
92,['JB Hobbs '],1908-1930,61,102,7,5410,211,56.94,15,28,4,,1908,1930,ENG
93,['KD Walters '],1965-1981,74,125,14,5357,250,48.26,15,33,4,,1965,1981,AUS
94,['D Elgar '],2012-2024,86,152,11,5347,199,37.92,14,23,13,,2012,2024,SA
95,['IM Chappell '],1964-1980,75,136,10,5345,196,42.42,14,26,11,,1964,1980,AUS
96,['JG Wright '],1978-1993,82,148,7,5334,185,37.82,12,23,7,,1978,1993,NZ
97,['MJ Slater '],1993-2001,74,131,7,5312,219,42.83,14,21,9,,1993,2001,AUS
98,['N Kapil Dev '],1978-1994,131,184,15,5248,163,31.05,8,27,16,,1978,1994,IND
99,['WM Lawry '],1961-1971,67,123,12,5234,210,47.15,13,27,6,,1961,1971,AUS
100,['Misbah-ul-Haq '],2001-2017,75,132,20,5222,161,46.62,10,39,9,,2001,2017,PAK
101,['IT Botham '],1977-1992,102,161,6,5200,208,33.54,14,22,14,,1977,1992,ENG
102,['JH Edrich '],1963-1976,77,127,9,5138,310,43.54,12,24,6,,1963,1976,ENG
103,['Tamim Iqbal '],2008-2023,70,134,2,5134,206,38.89,10,31,11,,2008,2023,BAN
104,['A Ranatunga '],1982-2000,93,155,12,5105,135,35.69,4,38,12,,1982,2000,SL
105,['AM Rahane '],2013-2023,85,144,12,5077,188,38.46,12,26,10,,2013,2023,IND
106,['Zaheer Abbas '],1969-1985,78,124,11,5062,274,44.79,12,20,10,,1969,1985,PAK
107,['TW Graveney '],1951-1969,79,123,13,4882,258,44.38,11,20,8,,1951,1969,ENG
108,['MS Dhoni '],2005-2014,90,144,16,4876,224,38.09,6,33,10,,2005,2014,IND
109,['RB Simpson '],1957-1978,62,111,7,4869,311,46.81,10,27,8,,1957,1978,AUS
110,['A Flower '],1992-2002,63,112,19,4794,232,51.54,12,27,5,,1992,2002,ZIM
111,['IR Redpath '],1964-1976,66,120,11,4737,171,43.45,8,31,9,,1964,1976,AUS
112,['NJ Astle '],1996-2006,81,137,10,4702,222,37.02,11,24,11,,1996,2006,NZ
113,['Asad Shafiq '],2010-2020,77,128,6,4660,137,38.19,12,27,13,,2010,2020,PAK
114,['AJ Lamb '],1982-1992,79,139,10,4656,142,36.09,14,18,9,,1982,1992,ENG
115,['Shakib Al Hasan '],2007-2024,71,130,8,4609,217,37.77,5,31,6,,2007,2024,BAN
116,['H Sutcliffe '],1924-1935,54,84,9,4555,194,60.73,16,23,2,,1924,1935,ENG
117,['DJ Cullinan '],1993-2001,70,115,12,4554,275,44.21,14,20,10,,1993,2001,SA
118,['HP Tillakaratne '],1989-2004,83,131,25,4545,204,42.87,11,20,9,,1989,2004,SL
119,['PBH May '],1951-1961,66,106,9,4537,285,46.77,13,22,8,,1951,1961,ENG
120,['DL Vettori '],1997-2014,113,174,23,4531,140,30.0,6,23,20,,1997,2014,NZ
121,['ER Dexter '],1958-1968,62,102,8,4502,205,47.89,9,27,6,,1958,1968,ENG
122,['BKG Mendis '],2015-2024,69,129,5,4478,245,36.11,10,19,14,,2015,2024,SL
123,['ED Weekes '],1948-1958,48,81,5,4455,207,58.61,15,19,6,,1948,1958,WI
124,['KJ Hughes '],1977-1984,70,124,6,4415,213,37.41,9,22,10,,1977,1984,AUS
125,['Mominul Haque '],2013-2024,69,129,10,4412,181,37.07,13,21,18,,2013,2024,BAN
126,['MW Gatting '],1978-1995,79,138,14,4409,207,35.55,10,21,16,,1978,1995,ENG
127,['DR Martyn '],1992-2006,67,109,14,4406,165,46.37,13,23,7,,1992,2006,AUS
128,['AI Kallicharran '],1972-1981,66,109,10,4399,187,44.43,12,21,10,,1972,1981,WI
129,['APE Knott '],1967-1981,95,149,15,4389,135,32.75,5,30,8,,1967,1981,ENG
130,['M Amarnath '],1969-1988,69,113,10,4378,138,42.5,11,24,12,,1969,1988,IND
131,['IA Healy '],1988-1999,119,182,23,4356,161,27.39,4,22,18,,1988,1999,AUS
132,['RC Fredericks '],1968-1977,59,109,7,4334,169,42.49,8,26,7,,1968,1977,WI
133,['MA Butcher '],1997-2004,71,131,7,4288,173,34.58,8,23,10,,1997,2004,ENG
134,['RG Sharma '],2013-2024,65,113,10,4279,212,41.54,12,18,6,,2013,2024,IND
135,['PD Collingwood '],2003-2011,68,115,10,4259,206,40.56,10,20,6,,2003,2011,ENG
136,['RA Smith '],1988-1996,62,112,15,4236,175,43.67,9,28,8,,1988,1996,ENG
137,['SM Katich '],2001-2010,56,99,6,4188,157,45.03,10,25,4,,2001,2010,AUS
138,['M Labuschagne '],2018-2024,52,93,7,4183,215,48.63,11,21,4,,2018,2024,AUS
139,['F du Plessis '],2012-2021,69,118,14,4163,199,40.02,10,21,9,,2012,2021,SA
140,['G Gambhir '],2004-2016,58,104,5,4154,206,41.95,9,22,7,,2004,2016,IND
141,['Mudassar Nazar '],1976-1989,76,116,8,4114,231,38.09,10,17,7,,1976,1989,PAK
142,['MJ Prior '],2007-2014,79,123,21,4099,131,40.18,7,28,13,,2007,2014,ENG
143,['Saeed Anwar '],1990-2001,55,91,2,4052,188,45.52,11,25,8,,1990,2001,PAK
144,['DM de Silva '],2016-2024,61,108,8,4011,173,40.11,12,19,9,,2016,2024,SL
145,['Babar Azam '],2016-2024,55,100,9,3997,196,43.92,9,26,8,,2016,2024,PAK
146,['M Vijay '],2008-2018,61,105,1,3982,167,38.28,12,15,8,,2008,2018,IND
147,['Majid Khan '],1964-1983,63,106,5,3931,167,38.92,8,19,9,,1964,1983,PAK
148,['MN Samuels '],2000-2016,71,127,7,3917,260,32.64,7,24,14,,2000,2016,WI
149,['Hanif Mohammad '],1952-1969,55,97,8,3915,337,43.98,12,15,5,,1952,1969,PAK
150,['FMM Worrell '],1948-1963,51,87,9,3860,261,49.48,9,22,11,,1948,1963,WI
151,['A Flintoff '],1998-2009,79,130,9,3845,167,31.77,5,26,17,,1998,2009,ENG
152,['IJL Trott '],2009-2015,52,93,6,3835,226,44.08,9,19,8,,2009,2015,ENG
153,['RJ Shastri '],1981-1992,80,121,14,3830,206,35.79,11,12,9,,1981,1992,IND
154,['Imran Khan '],1971-1992,88,126,25,3807,136,37.69,6,18,8,,1971,1992,PAK
155,['CL Walcott '],1948-1960,44,74,7,3798,220,56.68,15,14,1,,1948,1960,WI
156,['BJ Watling '],2009-2021,75,117,16,3790,205,37.52,8,19,10,,2009,2021,NZ
157,['SM Pollock '],1995-2008,108,156,39,3781,111,32.31,2,16,9,,1995,2008,SA
158,['SR Watson '],2005-2015,59,109,3,3731,176,35.19,4,24,6,,2005,2015,AUS
159,['WJ Cronje '],1992-2000,68,111,9,3714,135,36.41,6,23,11,,1992,2000,SA
160,['AG Prince '],2002-2011,66,104,16,3665,162,41.64,11,11,7,,2002,2011,SA
161,['SCJ Broad '],2007-2023,167,244,41,3662,169,18.03,1,13,39,,2007,2023,ENG
162,['Mohammad Hafeez '],2003-2018,55,105,8,3652,224,37.64,10,12,8,,2003,2018,PAK
163,['Mushtaq Mohammad '],1959-1979,57,100,7,3643,201,39.17,10,19,4,,1959,1979,PAK
164,['RW Marsh '],1970-1984,96,150,13,3633,132,26.51,3,16,12,,1970,1984,AUS
165,['DM Jones '],1984-1992,52,89,11,3631,216,46.55,11,14,11,,1984,1992,AUS
166,['PR Umrigar '],1948-1962,59,94,8,3631,223,42.22,12,14,5,,1948,1962,IND
167,['DL Amiss '],1966-1977,50,88,10,3612,262,46.3,11,11,10,,1966,1977,ENG
168,['AW Greig '],1972-1977,58,93,4,3599,148,40.43,8,20,5,,1972,1977,ENG
169,['Asif Iqbal '],1964-1980,58,99,7,3575,175,38.85,11,12,9,,1964,1980,PAK
170,['DM Bravo '],2010-2020,56,102,5,3538,218,36.47,8,17,5,,2010,2020,WI
171,['AR Morris '],1946-1955,46,79,3,3533,206,46.48,12,12,4,,1946,1955,AUS
172,['EH Hendren '],1920-1935,51,83,9,3525,205,47.63,7,21,4,,1920,1935,ENG
173,['R Ashwin '],2011-2024,106,151,15,3503,124,25.75,6,14,9,,2011,2024,IND
174,['B Mitchell '],1929-1949,42,80,9,3471,189,48.88,8,21,3,,1929,1949,SA
175,['GW Flower '],1992-2004,67,123,6,3457,201,29.54,6,15,16,,1992,2004,ZIM
176,['BE Congdon '],1965-1978,61,114,7,3448,176,32.22,7,19,9,,1965,1978,NZ
177,['T Bavuma '],2014-2024,61,105,13,3429,172,37.27,3,24,10,,2014,2024,SA
178,['JR Reid '],1949-1965,58,108,5,3428,142,33.28,6,22,5,,1949,1965,NZ
179,['TM Head '],2018-2024,51,84,5,3413,175,43.2,8,17,6,,2018,2024,AUS
180,['C Hill '],1896-1912,49,89,2,3412,191,39.21,7,19,9,,1896,1912,AUS
181,['GA Hick '],1991-2001,65,114,6,3383,178,31.32,6,18,11,,1991,2001,ENG
182,['GM Wood '],1978-1988,59,112,6,3374,172,31.83,9,13,9,,1978,1988,AUS
183,['PJL Dujon '],1981-1991,81,115,11,3322,139,31.94,5,16,8,,1981,1991,WI
184,['CL Cairns '],1989-2004,62,104,5,3320,158,33.53,5,22,7,,1989,2004,NZ
185,['Ijaz Ahmed '],1987-2001,60,92,4,3315,211,37.67,12,12,7,,1987,2001,PAK
186,['Q de Kock '],2014-2021,54,91,6,3300,141,38.82,6,22,7,,2014,2021,SA
187,['FE Woolley '],1909-1934,64,98,7,3283,154,36.07,5,23,13,,1909,1934,ENG
188,['KWR Fletcher '],1968-1982,59,96,14,3272,216,39.9,7,19,6,,1968,1982,ENG
189,['BJ Haddin '],2008-2015,66,112,13,3266,169,32.98,4,18,8,,2008,2015,AUS
190,['ND McKenzie '],2000-2009,58,94,7,3253,226,37.39,5,16,9,,2000,2009,SA
191,['CC Hunte '],1958-1967,44,78,6,3245,260,45.06,8,13,5,,1958,1967,WI
192,['RA Jadeja '],2012-2024,77,113,21,3235,175,35.16,4,21,8,,2012,2024,IND
193,['VL Manjrekar '],1951-1965,55,92,10,3208,189,39.12,7,15,11,,1951,1965,IND
194,['NS Sidhu '],1983-1999,51,78,2,3202,201,42.13,9,15,9,,1983,1999,IND
195,['HA Gomes '],1976-1987,60,91,11,3171,143,39.63,9,13,5,,1976,1987,WI
196,['VT Trumper '],1899-1912,48,89,8,3163,214,39.04,8,13,7,,1899,1912,AUS
197,['SK Warne '],1992-2007,145,199,17,3154,99,17.32,0,12,34,,1992,2007,AUS
198,['KL Rahul '],2014-2024,55,95,3,3128,199,34.0,8,16,8,,2014,2024,IND
199,['Sir RJ Hadlee '],1973-1990,86,134,19,3124,151,27.16,2,15,12,,1973,1990,NZ
200,['CD McMillan '],1997-2005,55,91,10,3116,142,38.46,6,19,7,,1997,2005,NZ
201,['CC McDonald '],1952-1961,47,83,4,3107,170,39.32,5,17,2,,1952,1961,AUS
202,['BF Butcher '],1958-1969,44,78,6,3104,209,43.11,7,16,3,,1958,1969,WI
203,['MM Ali '],2014-2023,68,118,8,3094,155,28.12,5,15,15,,2014,2023,ENG
204,['OJ Pope '],2018-2024,54,95,5,3089,205,34.32,7,15,4,,2018,2024,ENG
205,['WPUJC Vaas '],1994-2009,111,162,35,3089,100,24.32,1,13,12,,1994,2009,SL
206,['AL Hassett '],1938-1953,43,69,3,3073,198,46.56,10,11,1,,1938,1953,AUS
207,['JO Holder '],2014-2024,69,123,20,3073,202,29.83,3,14,11,,2014,2024,WI
208,['CG Borde '],1958-1969,55,97,11,3061,177,35.59,5,18,13,,1958,1969,IND
209,['Sarfaraz Ahmed '],2010-2023,54,95,14,3031,118,37.41,4,21,4,,2010,2023,PAK
210,['Habibul Bashar '],2000-2008,50,99,1,3026,113,30.87,3,24,7,,2000,2008,BAN
211,['JC Adams '],1992-2001,54,90,17,3012,208,41.26,6,14,7,,1992,2001,WI
212,['Saeed Ahmed '],1958-1973,41,78,4,2991,172,40.41,5,16,2,,1958,1973,PAK
213,['GM Turner '],1969-1983,41,73,6,2991,259,44.64,7,14,1,,1969,1983,NZ
214,['HM Nicholls '],2016-2023,56,87,7,2973,200,37.16,9,12,6,,2016,2023,NZ
215,['Taufeeq Umar '],2001-2014,44,83,5,2963,236,37.98,7,14,6,,2001,2014,PAK
216,['AD Nourse '],1935-1951,34,62,7,2960,231,53.81,9,14,3,,1935,1951,SA
217,['KR Miller '],1946-1956,55,87,7,2958,147,36.97,7,13,5,,1946,1956,AUS
218,['HW Taylor '],1912-1932,42,76,4,2936,176,40.77,7,17,2,,1912,1932,SA
219,['AH Jones '],1987-1995,39,74,8,2922,186,44.27,7,11,2,,1987,1995,NZ
220,['Mahmudullah '],2009-2021,50,94,7,2914,150,33.49,5,16,11,,2009,2021,BAN
221,['JC Buttler '],2014-2022,57,100,9,2907,152,31.94,2,18,9,,2014,2022,ENG
222,['J Blackwood '],2014-2023,56,102,6,2898,112,30.18,3,18,7,,2014,2023,WI
223,['D Ramdin '],2005-2016,74,126,14,2898,166,25.87,4,15,9,,2005,2016,WI
224,['Wasim Akram '],1985-2002,104,147,19,2898,257,22.64,3,7,17,,1985,2002,PAK
225,['SL Campbell '],1995-2002,52,93,4,2882,208,32.38,4,18,7,,1995,2002,WI
226,['Z Crawley '],2019-2024,52,95,2,2873,267,30.89,4,16,9,,2019,2024,ENG
227,['AC Parore '],1990-2002,78,128,19,2865,110,26.28,2,14,6,,1990,2002,NZ
228,['WW Armstrong '],1902-1921,50,84,10,2863,159,38.68,6,8,6,,1902,1921,AUS
229,['ADR Campbell '],1992-2002,60,109,4,2858,103,27.21,2,18,10,,1992,2002,ZIM
230,['GR Marsh '],1985-1992,50,93,7,2854,138,33.18,4,15,3,,1985,1992,AUS
231,['Ramiz Raja '],1984-1997,57,94,5,2833,122,31.83,2,22,7,,1984,1997,PAK
232,['Aamer Sohail '],1992-2000,47,83,3,2823,205,35.28,5,13,6,,1992,2000,PAK
233,['Wasim Raja '],1973-1985,57,92,14,2821,125,36.16,4,18,8,,1973,1985,PAK
234,['KR Stackpole '],1966-1974,43,80,5,2807,207,37.42,7,14,5,,1966,1974,AUS
235,['MAK Pataudi '],1961-1975,46,83,3,2793,203,34.91,6,16,7,,1961,1975,IND
236,['Litton Das '],2015-2024,48,84,2,2788,141,34.0,4,17,2,,2015,2024,BAN
237,['KC Wessels '],1982-1994,40,71,3,2788,179,41.0,6,15,5,,1982,1994,AUS/SA
238,['RR Pant '],2018-2024,40,70,5,2780,159,42.76,6,14,3,,2018,2024,IND
239,"[""NCL O'Neill ""]",1958-1965,42,69,8,2779,181,45.55,6,15,6,,1958,1965,AUS
240,['MH Richardson '],2000-2004,38,65,3,2776,145,44.77,4,19,1,,2000,2004,NZ
241,['M Leyland '],1928-1938,41,65,5,2764,187,46.06,9,10,6,,1928,1938,ENG
242,['SMH Kirmani '],1976-1986,88,124,22,2759,102,27.04,2,12,7,,1976,1986,IND
243,['N Dickwella '],2014-2023,54,96,7,2757,96,30.97,0,22,4,,2014,2023,SL
244,['GN Yallop '],1976-1984,39,70,3,2756,268,41.13,8,9,3,,1976,1984,AUS
245,['SJ McCabe '],1930-1938,39,62,5,2748,232,48.21,6,13,4,,1930,1938,AUS
246,['Moin Khan '],1990-2004,69,104,8,2741,137,28.55,4,15,5,,1990,2004,PAK
247,['Mohammad Ashraful '],2001-2013,61,119,5,2737,190,24.0,6,8,16,,2001,2013,BAN
248,['B Sutcliffe '],1947-1965,42,76,8,2727,230,40.1,5,15,5,,1947,1965,NZ
249,['Mohsin Khan '],1978-1986,48,79,6,2709,200,37.1,7,9,3,,1978,1986,PAK
250,['Shoaib Mohammad '],1983-1995,45,68,7,2705,203,44.34,7,13,6,,1983,1995,PAK
251,['AK Markram '],2017-2024,43,78,1,2700,152,35.06,7,12,6,,2017,2024,SA
252,['MG Burgess '],1968-1980,50,92,6,2684,119,31.2,5,14,5,,1968,1980,NZ
253,['JV Coney '],1974-1987,52,85,14,2668,174,37.57,3,16,3,,1974,1987,NZ
254,['Kamran Akmal '],2002-2010,53,92,6,2648,158,30.79,6,12,14,,2002,2010,PAK
255,['JA Rudolph '],2003-2012,48,83,9,2622,222,35.43,6,11,8,,2003,2012,SA
256,['FM Engineer '],1961-1975,46,87,3,2611,121,31.08,2,16,7,,1961,1975,IND
257,['WW Hinds '],2000-2005,45,80,1,2608,213,33.01,5,14,6,,2000,2005,WI
258,['MJ Guptill '],2009-2016,47,89,1,2586,189,29.38,3,17,10,,2009,2016,NZ
259,['Sadiq Mohammad '],1969-1981,41,74,2,2579,166,35.81,5,10,6,,1969,1981,PAK
260,['RD Jacobs '],1998-2004,65,112,21,2577,118,28.31,3,14,12,,1998,2004,WI
261,['RS Mahanama '],1986-1998,52,89,1,2576,225,29.27,4,11,7,,1986,1998,SL
262,['C Washbrook '],1937-1956,37,66,6,2569,195,42.81,6,12,2,,1937,1956,ENG
263,['GS Blewett '],1995-2000,46,79,4,2552,214,34.02,4,15,6,,1995,2000,AUS
264,['JN Rhodes '],1992-2000,52,80,9,2532,117,35.66,3,17,4,,1992,2000,SA
265,['GP Howarth '],1975-1985,47,83,5,2531,147,32.44,6,11,7,,1975,1985,NZ
266,['SM Nurse '],1960-1969,29,54,1,2523,258,47.6,6,10,3,,1960,1969,WI
267,['EJ Barlow '],1961-1970,30,57,2,2516,201,45.74,6,15,3,,1961,1970,SA
268,['TL Goddard '],1955-1970,41,78,5,2516,112,34.46,1,18,4,,1955,1970,SA
269,['A Kumble '],1990-2008,132,173,32,2506,110,17.77,1,5,17,,1990,2008,IND
270,"[""BL D'Oliveira ""]",1966-1972,44,70,8,2484,158,40.06,5,15,4,,1966,1972,ENG
271,['AL Logie '],1983-1991,52,78,9,2470,130,35.79,2,16,8,,1983,1991,WI
272,['DW Randall '],1977-1984,47,79,5,2470,174,33.37,7,12,14,,1977,1984,ENG
273,['W Bardsley '],1909-1926,41,66,5,2469,193,40.47,6,14,6,,1909,1926,AUS
274,['KR Rutherford '],1985-1995,56,99,8,2465,107,27.08,3,18,16,,1985,1995,NZ
275,['AP Gurusinha '],1985-1996,41,70,7,2452,143,38.92,7,8,3,,1985,1996,SL
276,['P Roy '],1951-1960,43,79,4,2442,173,32.56,5,9,14,,1951,1960,IND
277,['WJ Edrich '],1938-1955,39,63,2,2440,219,40.0,6,13,3,,1938,1955,ENG
278,['DJ McGlew '],1951-1962,34,64,6,2440,255,42.06,7,10,4,,1951,1962,SA
279,['TG Evans '],1946-1959,91,133,14,2439,104,20.49,2,8,17,,1946,1959,ENG
280,['LEG Ames '],1929-1939,47,72,12,2434,149,40.56,8,7,5,,1929,1939,ENG
281,['JHB Waite '],1951-1965,50,86,7,2405,134,30.44,4,16,9,,1951,1965,SA
282,['Imran Farhat '],2001-2013,40,77,2,2400,128,32.0,3,14,3,,2001,2013,PAK
283,['MR Ramprakash '],1991-2002,52,92,6,2350,154,27.32,2,12,12,,1991,2002,ENG
284,['W Rhodes '],1899-1930,58,98,21,2325,179,30.19,2,11,6,,1899,1930,ENG
285,['BRM Taylor '],2004-2021,34,68,4,2320,171,36.25,6,12,3,,2004,2021,ZIM
286,['S Dhawan '],2013-2018,34,58,1,2315,190,40.61,7,5,4,,2013,2018,IND
287,['GT Dowling '],1961-1972,39,77,3,2306,239,31.16,3,11,6,,1961,1972,NZ
288,['WM Woodfull '],1926-1934,35,54,4,2300,161,46.0,7,13,6,,1926,1934,AUS
289,['TE Bailey '],1949-1959,61,91,14,2290,134,29.74,1,10,7,,1949,1959,ENG
290,['PJP Burge '],1955-1966,42,68,8,2290,181,38.16,4,12,5,,1955,1966,AUS
291,['SE Gregory '],1890-1912,58,100,7,2282,201,24.53,4,8,12,,1890,1912,AUS
292,['HC Brook '],2022-2024,23,38,1,2280,317,61.62,8,10,1,,2022,2024,ENG
293,['MJK Smith '],1958-1972,50,78,6,2278,121,31.63,3,11,11,,1958,1972,ENG
294,['RL Chase '],2016-2023,49,90,4,2265,137,26.33,5,11,12,,2016,2023,WI
295,['SE Marsh '],2011-2019,38,68,2,2265,182,34.31,6,10,10,,2011,2019,AUS
296,['RG Pollock '],1963-1970,23,41,4,2256,274,60.97,7,11,1,,1963,1970,SA
297,['BM Duckett '],2016-2024,31,58,3,2255,182,41.0,4,13,4,,2016,2024,ENG
298,['AW Nourse '],1902-1924,45,83,8,2234,111,29.78,1,15,3,,1902,1924,SA
299,['Harbhajan Singh '],1998-2015,103,145,23,2224,115,18.22,2,9,19,,1998,2015,IND
300,['H Masakadza '],2001-2018,38,76,2,2223,158,30.04,5,8,10,,2001,2018,ZIM
301,['TG Southee '],2008-2024,106,154,11,2220,77,15.52,0,7,21,,2008,2024,NZ
302,['GJ Whittall '],1993-2002,46,82,7,2207,203,29.42,4,10,6,,1993,2002,ZIM
303,['R Benaud '],1952-1964,63,97,7,2201,122,24.45,3,9,8,,1952,1964,AUS
304,['DJ Bravo '],2004-2010,40,71,1,2200,113,31.42,3,13,6,,2004,2010,WI
305,['VS Hazare '],1946-1953,30,52,6,2192,164,47.65,7,9,4,,1946,1953,IND
306,['GA Headley '],1930-1954,22,40,4,2190,270,60.83,10,5,2,,1930,1954,WI
307,['D Ganga '],1998-2008,48,86,2,2160,135,25.71,3,9,9,,1998,2008,WI
308,['JB Stollmeyer '],1939-1955,32,56,5,2159,160,42.33,4,12,2,,1939,1955,WI
309,['MA Starc '],2011-2024,91,132,27,2149,99,20.46,0,10,14,,2011,2024,AUS
310,['CG Macartney '],1907-1926,35,55,4,2131,170,41.78,7,9,1,,1907,1926,AUS
311,['HAPW Jayawardene '],2000-2015,58,83,11,2124,154,29.5,4,5,9,,2000,2015,SL
312,['WH Ponsford '],1924-1934,29,48,4,2122,266,48.22,7,6,1,,1924,1934,AUS
313,['RA McLean '],1951-1964,40,73,3,2120,142,30.28,5,10,11,,1951,1964,SA
314,['KOA Powell '],2011-2021,44,83,1,2113,134,25.76,3,7,8,,2011,2021,WI
315,['AL Wadekar '],1966-1974,37,71,3,2113,143,31.07,1,14,7,,1966,1974,IND
316,['MH Mankad '],1946-1959,44,72,5,2109,231,31.47,5,6,7,,1946,1959,IND
317,['Shan Masood '],2013-2024,38,72,1,2108,156,29.69,5,10,8,,2013,2024,PAK
318,['JP Duminy '],2008-2017,46,74,10,2103,166,32.85,6,8,9,,2008,2017,SA
319,['JK Silva '],2011-2018,39,74,0,2099,139,28.36,3,12,6,,2011,2018,SL
320,['AN Petersen '],2010-2015,36,64,4,2093,182,34.88,5,8,3,,2010,2015,SA
321,['HDRL Thirimanne '],2011-2022,44,85,6,2088,155,26.43,3,10,11,,2011,2022,SL
322,['CPS Chauhan '],1969-1981,40,68,2,2084,97,31.57,0,16,6,,1969,1981,IND
323,['Imtiaz Ahmed '],1952-1962,41,72,1,2079,209,29.28,3,11,9,,1952,1962,PAK
324,['TA Blundell '],2017-2024,39,67,6,2073,138,33.98,5,11,6,,2017,2024,NZ
325,['MR Marsh '],2014-2024,44,76,7,2072,181,30.02,3,9,8,,2014,2024,AUS
326,['MG Johnson '],2007-2015,73,109,16,2065,123,22.2,1,11,19,,2007,2015,AUS
327,['K Srikkanth '],1981-1992,43,72,3,2062,123,29.88,2,12,7,,1981,1992,IND
328,['RM Cowper '],1964-1968,27,46,2,2061,307,46.84,5,10,3,,1964,1968,AUS
329,['PE Richardson '],1956-1963,34,56,1,2061,126,37.47,5,9,1,,1956,1963,ENG
330,['ML Jaisimha '],1959-1971,39,71,4,2056,129,30.68,3,12,9,,1959,1971,IND
331,['LG Rowe '],1972-1980,30,49,2,2047,302,43.55,7,7,2,,1972,1980,WI
332,['SV Manjrekar '],1987-1996,37,61,6,2043,218,37.14,4,9,3,,1987,1996,IND
333,['BA Young '],1993-1999,35,68,4,2034,267,31.78,2,12,5,,1993,1999,NZ
334,['MJ Greatbatch '],1988-1996,41,71,5,2021,146,30.62,3,10,9,,1988,1996,NZ
335,['CJL Rogers '],2008-2015,25,48,1,2015,173,42.87,5,14,1,,2008,2015,AUS
336,['Mohammad Rizwan '],2016-2024,35,57,9,2009,171,41.85,3,10,4,,2016,2024,PAK
337,['AC Hudson '],1992-1998,35,63,3,2007,163,33.45,4,13,7,,1992,1998,SA
338,['DN Sardesai '],1961-1972,30,55,4,2001,212,39.23,5,9,4,,1961,1972,IND
339,['TW Hayward '],1896-1909,35,60,2,1999,137,34.46,3,12,7,,1896,1909,ENG
340,['MA Noble '],1898-1909,42,73,7,1997,133,30.25,1,16,4,,1898,1909,AUS
341,['DL Murray '],1963-1980,62,96,9,1993,91,22.9,0,11,7,,1963,1980,WI
342,['HH Streak '],1993-2005,65,107,18,1990,127,22.35,1,11,15,,1993,2005,ZIM
343,['AD Gaekwad '],1974-1985,40,70,4,1985,201,30.07,2,10,4,,1974,1985,IND
344,['DJ Mitchell '],2019-2024,30,50,5,1985,190,44.11,5,13,1,,2019,2024,NZ
345,['G Pullar '],1959-1963,28,49,4,1974,175,43.86,4,12,3,,1959,1963,ENG
346,['CR Woakes '],2013-2024,57,92,17,1970,137,26.26,1,7,10,,2013,2024,ENG
347,['BM McMillan '],1992-1998,38,62,12,1968,113,39.36,3,13,3,,1992,1998,SA
348,['EAB Rowan '],1935-1951,26,50,5,1965,236,43.66,3,12,4,,1935,1951,SA
349,['JM Parks '],1954-1968,46,68,7,1962,108,32.16,2,9,3,,1954,1968,ENG
350,['BA Edgar '],1978-1986,39,68,4,1958,161,30.59,3,12,7,,1978,1986,NZ
351,['Mehidy Hasan Miraz '],2016-2024,51,93,10,1952,103,23.51,1,9,6,,2016,2024,BAN
352,['Abdul Razzaq '],1999-2006,46,77,9,1946,134,28.61,3,7,4,,1999,2006,PAK
353,['W Jaffer '],2000-2008,31,58,1,1944,212,34.1,5,11,6,,2000,2008,IND
354,['RS Kaluwitharana '],1992-2004,49,78,4,1933,132,26.12,3,9,5,,1992,2004,SL
355,['AC MacLaren '],1894-1909,35,61,4,1931,140,33.87,5,8,4,,1894,1909,ENG
356,['L Klusener '],1996-2004,49,69,11,1906,174,32.86,4,8,4,,1996,2004,SA
357,['Yuvraj Singh '],2003-2012,40,62,6,1900,169,33.92,3,11,7,,2003,2012,IND
358,['Shoaib Malik '],2001-2015,35,60,6,1898,245,35.14,3,8,6,,2001,2015,PAK
359,['RC Russell '],1988-1998,54,86,16,1897,128,27.1,2,6,8,,1988,1998,ENG
360,['Salman Butt '],2003-2010,33,62,0,1889,122,30.46,3,10,6,,2003,2010,PAK
361,['PH Parfitt '],1961-1972,37,52,6,1882,131,40.91,7,6,5,,1961,1972,ENG
362,['Shubman Gill '],2020-2024,30,56,5,1859,128,36.45,5,7,5,,2020,2024,IND
363,['GRJ Matthews '],1983-1993,33,53,8,1849,130,41.08,4,12,2,,1983,1993,AUS
364,['RES Wyatt '],1927-1937,40,64,6,1839,149,31.7,2,12,6,,1927,1937,ENG
365,['DP Conway '],2021-2024,27,51,1,1836,200,36.72,4,11,4,,2021,2024,NZ
366,['R Illingworth '],1958-1973,61,90,11,1836,113,23.24,2,5,7,,1958,1973,ENG
367,['RP Arnold '],1997-2004,44,69,4,1821,123,28.01,3,10,7,,1997,2004,SL
368,['IDS Smith '],1980-1992,63,88,17,1815,173,25.56,2,6,7,,1980,1992,NZ
369,['MD Marshall '],1978-1991,81,107,11,1810,92,18.85,0,10,15,,1978,1991,WI
370,['JP Crawley '],1994-2003,37,61,9,1800,156,34.61,4,9,4,,1994,2003,ENG
371,['DS Lehmann '],1998-2004,27,42,2,1798,177,44.95,5,10,2,,1998,2004,AUS
372,['Imrul Kayes '],2008-2019,39,76,2,1797,150,24.28,3,4,4,,2008,2019,BAN
373,['NT Paranavitana '],2009-2012,32,60,5,1792,111,32.58,2,11,9,,2009,2012,SL
374,['RJ Burns '],2018-2022,32,59,0,1789,133,30.32,3,11,9,,2018,2022,ENG
375,['MJ Horne '],1997-2003,35,65,2,1788,157,28.38,4,5,4,,1997,2003,NZ
376,['JDP Oram '],2002-2009,33,59,10,1780,133,36.32,5,6,4,,2002,2009,NZ
377,['VD Philander '],2011-2020,64,94,20,1779,74,24.04,0,8,8,,2011,2020,SA
378,['BC Booth '],1961-1966,29,48,6,1773,169,42.21,5,10,5,,1961,1966,AUS
379,['Najmul Hossain Shanto '],2017-2024,33,63,1,1766,163,28.48,5,4,7,,2017,2024,BAN
380,['DS Smith '],2003-2018,43,76,2,1760,108,23.78,1,8,7,,2003,2018,WI
381,['CJ Tavare '],1980-1989,31,56,2,1755,149,32.5,2,12,5,,1980,1989,ENG
382,['GA Faulkner '],1906-1924,25,47,4,1754,204,40.79,4,8,2,,1906,1924,SA
383,['WU Tharanga '],2005-2017,31,58,3,1754,165,31.89,3,8,6,,2005,2017,SL
384,['SD Hope '],2015-2021,38,72,3,1726,147,25.01,2,5,2,,2015,2021,WI
385,['Javed Omar '],2001-2007,40,80,2,1720,119,22.05,1,8,5,,2001,2007,BAN
386,['HH Dippenaar '],1999-2007,38,62,5,1718,177,30.14,3,7,8,,1999,2007,SA
387,['Shahid Afridi '],1998-2010,27,48,1,1716,156,36.51,5,8,6,,1998,2010,PAK
388,['JE Emburey '],1978-1995,64,96,20,1713,75,22.53,0,10,16,,1978,1995,ENG
389,['HMRKB Herath '],1999-2018,93,144,28,1699,80,14.64,0,3,23,,1999,2018,SL
390,['GM Ritchie '],1982-1987,30,53,5,1690,146,35.2,3,7,1,,1982,1987,AUS
391,['KC Bland '],1961-1966,21,39,5,1669,144,49.08,3,9,2,,1961,1966,SA
392,['MH Denness '],1969-1975,28,45,3,1667,188,39.69,4,7,2,,1969,1975,ENG
393,['BC Broad '],1984-1989,25,44,2,1661,162,39.54,6,6,3,,1984,1989,ENG
394,['JT Tyldesley '],1899-1909,31,55,1,1661,138,30.75,4,9,4,,1899,1909,ENG
395,['J Darling '],1894-1905,34,60,2,1657,178,28.56,3,8,8,,1894,1905,AUS
396,['GS Ballance '],2014-2023,24,44,3,1653,156,40.31,5,7,3,,2014,2023,ENG/ZIM
397,['J Hardstaff jnr '],1935-1948,23,38,3,1636,205,46.74,4,10,4,,1935,1948,ENG
398,['MS Sinclair '],1999-2010,33,56,5,1635,214,32.05,3,4,4,,1999,2010,NZ
399,['WR Endean '],1951-1958,28,52,4,1630,162,33.95,3,8,3,,1951,1958,SA
400,['RB McCosker '],1975-1980,25,46,5,1622,127,39.56,4,9,5,,1975,1980,AUS
401,['SV Carlisle '],1995-2005,37,66,6,1615,118,26.91,2,8,7,,1995,2005,ZIM
402,['MS Wade '],2012-2021,36,63,9,1613,117,29.87,4,5,3,,2012,2021,AUS
403,['NJ Contractor '],1955-1962,31,52,1,1611,108,31.58,1,11,2,,1955,1962,IND
404,['Yashpal Sharma '],1979-1983,37,59,11,1606,140,33.45,2,9,4,,1979,1983,IND
405,['JJ Crowe '],1983-1990,39,65,4,1601,128,26.24,3,6,6,,1983,1990,NZ
406,['RT Robinson '],1984-1989,29,49,5,1601,175,36.38,4,6,5,,1984,1989,ENG
407,['M Prabhakar '],1984-1995,39,58,9,1600,120,32.65,1,9,3,,1984,1995,IND
408,['AP Sheahan '],1967-1974,31,53,6,1594,127,33.91,2,7,3,,1967,1974,AUS
409,['WA Brown '],1934-1948,22,35,1,1592,206,46.82,4,9,1,,1934,1948,AUS
410,['YBK Jaiswal '],2023-2024,16,30,1,1592,214,54.89,4,8,3,,2023,2024,IND
411,['SM Patil '],1980-1984,29,47,4,1588,174,36.93,4,7,4,,1980,1984,IND
412,['SB Styris '],2002-2007,29,48,4,1586,170,36.04,5,6,5,,2002,2007,NZ
413,['SO Dowrich '],2015-2020,35,62,8,1570,125,29.07,3,9,8,,2015,2020,WI
414,['Imam-ul-Haq '],2018-2023,24,46,4,1568,157,37.33,3,9,4,,2018,2023,PAK
415,['RH Catterall '],1922-1931,24,43,2,1555,120,37.92,3,11,3,,1922,1931,SA
416,['T Taibu '],2001-2012,28,54,3,1546,153,30.31,1,12,5,,2001,2012,ZIM
417,['E Paynter '],1931-1939,20,31,5,1540,243,59.23,4,7,3,,1931,1939,ENG
418,['PJ Hughes '],2009-2013,26,49,2,1535,160,32.65,3,7,6,,2009,2013,AUS
419,['TD Paine '],2010-2021,35,57,10,1534,92,32.63,0,9,4,,2010,2021,AUS
420,['NM Lyon '],2011-2024,131,166,45,1530,47,12.64,0,0,18,,2011,2024,AUS
421,['BF Hastings '],1969-1976,31,56,6,1510,117,30.2,4,7,6,,1969,1976,NZ
422,['KD Mackay '],1956-1963,37,52,7,1507,89,33.48,0,13,6,,1956,1963,AUS
423,['Abdullah Shafique '],2021-2024,22,42,3,1504,201,38.56,5,5,6,,2021,2024,PAK
424,['RR Lindwall '],1946-1960,61,84,13,1502,118,21.15,2,5,9,,1946,1960,AUS
425,['Qasim Umar '],1983-1986,26,43,2,1502,210,36.63,3,5,2,,1983,1986,PAK
426,['JM Parker '],1973-1980,36,63,2,1498,121,24.55,3,5,4,,1973,1980,NZ
427,['RW Barber '],1960-1968,28,45,3,1495,185,35.59,1,9,1,,1960,1968,ENG
428,['Intikhab Alam '],1959-1977,47,77,10,1493,138,22.28,1,8,10,,1959,1977,PAK
429,['Yasir Hameed '],2003-2010,25,49,3,1491,170,32.41,2,8,1,,2003,2010,PAK
430,['MA Agarwal '],2018-2022,21,36,0,1488,243,41.33,4,6,1,,2018,2022,IND
431,['WB Phillips '],1983-1986,27,48,2,1485,159,32.28,2,7,1,,1983,1986,AUS
432,['AC Voges '],2015-2016,20,31,7,1485,269,61.87,5,4,2,,2015,2016,AUS
433,['DL Houghton '],1992-1997,22,36,2,1464,266,43.05,4,4,0,,1992,1997,ZIM
434,['A Symonds '],2004-2008,26,41,5,1462,162,40.61,2,10,4,,2004,2008,AUS
435,['B Lee '],1999-2008,76,90,18,1451,64,20.15,0,5,14,,1999,2008,AUS
436,['FJ Titmus '],1955-1975,53,76,11,1449,84,22.29,0,10,4,,1955,1975,ENG
437,['JM Brearley '],1976-1981,39,66,3,1442,91,22.88,0,9,6,,1976,1981,ENG
438,['JA Burns '],2014-2020,23,40,1,1442,180,36.97,4,7,6,,2014,2020,AUS
439,['NR Mongia '],1994-2001,44,68,8,1442,152,24.03,1,6,6,,1994,2001,IND
440,['CEL Ambrose '],1988-2000,98,145,29,1439,53,12.4,0,1,26,,1988,2000,WI
441,['C de Grandhomme '],2016-2022,29,44,7,1432,120,38.7,2,8,6,,2016,2022,NZ
442,['WAS Oldfield '],1920-1937,54,80,17,1427,65,22.65,0,4,9,,1920,1937,AUS
443,['C Kelleway '],1910-1928,26,42,4,1422,147,37.42,3,6,1,,1910,1928,AUS
444,['AF Giles '],1998-2006,54,81,13,1421,59,20.89,0,4,9,,1998,2006,ENG
445,['Hon.FS Jackson '],1893-1905,20,33,4,1415,144,48.79,5,6,3,,1893,1905,ENG
446,['MW Goodwin '],1998-2000,19,37,4,1414,166,42.84,3,8,4,,1998,2000,ZIM
447,['RG Nadkarni '],1955-1968,41,67,12,1414,122,25.7,1,7,6,,1955,1968,IND
448,['AT Carey '],2021-2024,34,50,5,1411,111,31.35,1,8,3,,2021,2024,AUS
449,['Khaled Mashud '],2000-2007,44,84,10,1409,103,19.04,1,3,11,,2000,2007,BAN
450,['Saud Shakeel '],2022-2024,15,28,3,1406,208,56.24,4,7,1,,2022,2024,PAK
451,['RT Simpson '],1948-1955,27,45,3,1401,156,33.35,4,6,6,,1948,1955,ENG
452,['J Ryder '],1920-1929,20,32,5,1394,201,51.62,3,9,1,,1920,1929,AUS
453,['KLT Arthurton '],1988-1995,33,50,5,1382,157,30.71,2,8,8,,1988,1995,WI
454,['Rashid Latif '],1992-2003,37,57,9,1381,150,28.77,1,7,4,,1992,2003,PAK
455,['C Green '],2020-2024,28,43,5,1377,174,36.23,2,6,3,,2020,2024,AUS
456,['GP Swann '],2008-2013,60,76,14,1370,85,22.09,0,5,5,,2008,2013,ENG
457,['S Ramesh '],1999-2001,19,37,1,1367,143,37.97,2,8,3,,1999,2001,IND
458,['Wasim Bari '],1967-1984,81,112,26,1366,85,15.88,0,6,19,,1967,1984,PAK
459,['KG Viljoen '],1930-1949,27,50,2,1365,124,28.43,2,9,5,,1930,1949,SA
460,['J Dyson '],1977-1984,30,58,7,1359,127,26.64,2,5,4,,1977,1984,AUS
461,['DJ Richardson '],1992-1998,42,64,8,1359,109,24.26,1,8,7,,1992,1998,SA
462,['JM Anderson '],2003-2024,188,265,114,1353,81,8.96,0,1,34,,2003,2024,ENG
463,['WP Saha '],2010-2021,40,56,10,1353,117,29.41,3,6,6,,2010,2021,IND
464,['HL Collins '],1920-1926,19,31,1,1352,203,45.06,4,6,0,,1920,1926,AUS
465,['CR Ervine '],2011-2024,21,42,2,1344,160,33.6,3,5,2,,2011,2024,ZIM
466,['Javed Burki '],1960-1969,25,48,4,1341,140,30.47,3,4,3,,1960,1969,PAK
467,['BM Laird '],1979-1982,21,40,2,1341,92,35.28,0,11,2,,1979,1982,AUS
468,['L Vincent '],2001-2007,23,40,1,1332,224,34.15,3,9,4,,2001,2007,NZ
469,['OG Smith '],1955-1959,26,42,0,1331,168,31.69,4,6,8,,1955,1959,WI
470,['LRD Mendis '],1982-1988,24,43,1,1329,124,31.64,4,8,2,,1982,1988,SL
471,['AK Davidson '],1953-1963,44,61,7,1328,80,24.59,0,5,1,,1953,1963,AUS
472,['SS Das '],2000-2002,23,40,2,1326,110,34.89,2,9,3,,2000,2002,IND
473,['JS Solomon '],1958-1965,27,46,7,1326,100,34.0,1,9,7,,1958,1965,WI
474,['DJG Sammy '],2007-2013,38,63,2,1323,106,21.68,1,5,8,,2007,2013,WI
475,['RA Duff '],1902-1905,22,40,3,1317,146,35.59,2,6,0,,1902,1905,AUS
476,['N Boje '],2000-2006,43,62,10,1312,85,25.23,0,4,5,,2000,2006,SA
477,['PJ Cummins '],2011-2024,64,92,13,1312,64,16.6,0,3,13,,2011,2024,AUS
478,['G Fowler '],1982-1985,21,37,0,1307,201,35.32,3,8,3,,1982,1985,ENG
479,['DW Hookes '],1977-1985,23,41,3,1306,143,34.36,1,8,4,,1977,1985,AUS
480,['MDK Perera '],2014-2021,43,77,8,1303,95,18.88,0,7,14,,2014,2021,SL
481,['CA Davis '],1968-1973,15,29,5,1301,183,54.2,4,4,1,,1968,1973,WI
482,['BW Luckhurst '],1970-1974,21,41,5,1298,131,36.05,4,5,4,,1970,1974,ENG
483,['DR Jardine '],1928-1934,22,33,6,1296,127,48.0,1,10,2,,1928,1934,ENG
484,['JF Reid '],1979-1986,19,31,3,1296,180,46.28,6,2,4,,1979,1986,NZ
485,['RL Dias '],1982-1987,20,36,1,1285,109,36.71,3,8,2,,1982,1987,SL
486,['KS More '],1986-1993,49,64,14,1285,73,25.7,0,7,7,,1986,1993,IND
487,['JW Burke '],1951-1959,24,44,7,1280,189,34.59,3,5,0,,1951,1959,AUS
488,['A Shrewsbury snr '],1881-1893,23,40,4,1277,164,35.47,3,4,1,,1881,1893,ENG
489,['UC Hathurusingha '],1991-1999,26,44,1,1274,83,29.62,0,8,2,,1991,1999,SL
490,['JD Ryder '],2008-2011,18,33,2,1269,201,40.93,3,6,4,,2008,2011,NZ
491,['Shahriar Nafees '],2005-2013,24,48,0,1267,138,26.39,1,7,4,,2005,2013,BAN
492,['V Pollard '],1965-1973,32,59,7,1266,116,24.34,2,7,4,,1965,1973,NZ
493,['RF Surti '],1960-1969,26,48,4,1263,99,28.7,0,9,5,,1960,1969,IND
494,['M Muralidaran '],1992-2010,133,164,56,1261,67,11.67,0,1,33,,1992,2010,SL
495,['KAJ Roach '],2009-2024,84,134,27,1257,47,11.74,0,0,20,,2009,2024,WI
496,['DW Steyn '],2004-2019,93,119,27,1251,76,13.59,0,2,14,,2004,2019,SA
497,['GE Gomez '],1939-1954,29,46,5,1243,101,30.31,1,8,5,,1939,1954,WI
498,['HB Cameron '],1927-1935,26,45,4,1239,90,30.21,0,10,3,,1927,1935,SA
499,['J Da Silva '],2020-2024,33,59,9,1238,100,24.76,1,5,5,,2020,2024,WI
500,['G Giffen '],1881-1896,31,53,0,1238,161,23.35,1,6,5,,1881,1896,AUS
501,['Z Khan '],2000-2014,92,127,24,1231,75,11.95,0,3,29,,2000,2014,IND
502,['DG Phadkar '],1947-1959,31,45,7,1229,123,32.34,2,8,3,,1947,1959,IND
503,['DD Ebrahim '],2001-2005,29,55,1,1225,94,22.68,0,10,8,,2001,2005,ZIM
504,['CB Fry '],1896-1912,26,41,3,1223,144,32.18,2,7,3,,1896,1912,ENG
505,['S Wettimuny '],1982-1987,23,43,1,1221,190,29.07,2,6,5,,1982,1987,SL
506,['JN Gillespie '],1996-2006,71,93,28,1218,201,18.73,1,2,13,,1996,2006,AUS
507,['Haroon Rasheed '],1977-1983,23,36,1,1217,153,34.77,3,5,2,,1977,1983,PAK
508,['G Miller '],1976-1984,34,51,4,1213,98,25.8,0,7,5,,1976,1984,ENG
509,['VS Ransford '],1907-1912,20,38,6,1211,143,37.84,1,7,2,,1907,1912,AUS
510,['SA Durani '],1960-1973,29,50,2,1202,104,25.04,1,7,4,,1960,1973,IND
511,['DN Patel '],1987-1997,37,66,8,1200,99,20.68,0,5,10,,1987,1997,NZ
512,['MW Tate '],1924-1935,39,52,5,1198,100,25.48,1,5,5,,1924,1935,ENG
513,['AF Kippax '],1925-1934,22,34,1,1192,146,36.12,2,8,1,,1925,1934,AUS
514,['Agha Salman '],2022-2024,17,32,6,1191,132,45.8,3,9,2,,2022,2024,PAK
515,['JHW Fingleton '],1932-1938,18,29,1,1189,136,42.46,5,3,3,,1932,1938,AUS
516,['Sikandar Raza '],2013-2021,17,33,0,1187,127,35.96,1,8,3,,2013,2021,ZIM
517,['CP Mead '],1911-1928,17,26,2,1185,182,49.37,4,3,3,,1911,1928,ENG
518,['P Willey '],1976-1986,26,50,6,1184,102,26.9,2,5,2,,1976,1986,ENG
519,['SC Williams '],1994-2002,31,52,3,1183,128,24.14,1,3,6,,1994,2002,WI
520,['Abid Ali '],2019-2021,16,26,2,1180,215,49.16,4,3,2,,2019,2021,PAK
521,['GS Ramchand '],1952-1960,33,53,5,1180,109,24.58,2,5,6,,1952,1960,IND
522,['MDKJ Perera '],2015-2021,22,41,3,1177,153,30.97,2,7,5,,2015,2021,SL
523,['KA Maharaj '],2016-2024,56,87,7,1173,84,14.66,0,5,17,,2016,2024,SA
524,['MTG Elliott '],1996-2004,21,36,1,1172,199,33.48,3,4,5,,1996,2004,AUS
525,['GO Jones '],2004-2006,34,53,4,1172,100,23.91,1,6,2,,2004,2006,ENG
526,['Rev.DS Sheppard '],1950-1963,22,33,2,1172,119,37.8,3,6,2,,1950,1963,ENG
527,['R Edwards '],1972-1975,20,32,3,1171,170,40.37,2,9,4,,1972,1975,AUS
528,['MJ North '],2009-2010,21,35,2,1171,128,35.48,5,4,5,,2009,2010,AUS
529,['PM Siddle '],2008-2019,67,94,15,1164,51,14.73,0,2,17,,2008,2019,AUS
530,['RW Taylor '],1971-1984,57,83,12,1156,97,16.28,0,3,10,,1971,1984,ENG
531,['BW Sinclair '],1963-1968,21,40,1,1148,138,29.43,3,3,5,,1963,1968,NZ
532,['JM Gregory '],1920-1928,24,34,3,1146,119,36.96,2,7,3,,1920,1928,AUS
533,['MG Vandort '],2001-2008,20,33,2,1144,140,36.9,4,4,3,,2001,2008,SL
534,['JA Raval '],2016-2020,24,39,1,1143,132,30.07,1,7,3,,2016,2020,NZ
535,['Rajin Saleh '],2003-2008,24,46,2,1141,89,25.93,0,7,8,,2003,2008,BAN
536,['BT Foakes '],2018-2024,25,46,7,1139,113,29.2,2,4,3,,2018,2024,ENG
537,['DT Lindsay '],1963-1970,19,31,1,1130,182,37.66,3,5,2,,1963,1970,SA
538,['MC Carew '],1963-1972,19,36,3,1127,109,34.15,1,5,1,,1963,1972,WI
539,['Faisal Iqbal '],2001-2010,26,44,2,1124,139,26.76,1,8,4,,2001,2010,PAK
540,['G Gunn '],1907-1930,15,29,1,1120,122,40.0,2,7,3,,1907,1930,ENG
541,['PHKD Mendis '],2022-2024,10,17,2,1110,182,74.0,5,4,0,,2022,2024,SL
542,['SC Williams '],2013-2024,15,29,2,1109,151,41.07,4,3,0,,2013,2024,ZIM
543,['AC Bannerman '],1879-1893,28,50,2,1108,94,23.08,0,8,3,,1879,1893,AUS
544,['CC Lewis '],1990-1996,32,51,3,1105,117,23.02,1,4,6,,1990,1996,ENG
545,['IK Pathan '],2003-2008,29,40,5,1105,102,31.57,1,6,5,,2003,2008,IND
546,['BP Nash '],2008-2011,21,33,0,1103,114,33.42,2,8,0,,2008,2011,WI
547,['CJ Barnett '],1933-1948,20,35,4,1098,129,35.41,2,5,1,,1933,1948,ENG
548,['WG Grace '],1880-1899,22,36,2,1098,170,32.29,2,5,2,,1880,1899,ENG
549,['CB Wishart '],1995-2005,27,50,1,1098,114,22.4,1,5,6,,1995,2005,ZIM
550,['Alimuddin '],1954-1962,25,45,2,1091,109,25.37,2,7,6,,1954,1962,PAK
551,['BOP Fernando '],2019-2023,21,37,4,1091,102,33.06,1,7,2,,2019,2023,SL
552,['VG Kambli '],1993-1995,17,21,1,1084,227,54.2,4,3,3,,1993,1995,IND
553,['PSP Handscomb '],2016-2023,20,35,6,1079,110,37.2,2,5,2,,2016,2023,AUS
554,['DJ Malan '],2017-2022,22,39,0,1074,140,27.53,1,9,2,,2017,2022,ENG
555,['AMJ Hilditch '],1979-1985,18,34,0,1073,119,31.55,2,6,3,,1979,1985,AUS
556,['SG Barnes '],1938-1948,13,19,2,1072,234,63.05,3,5,1,,1938,1948,AUS
557,['Waqar Hasan '],1952-1959,21,35,1,1071,189,31.5,1,6,0,,1952,1959,PAK
558,['JH Sinclair '],1896-1911,25,47,1,1069,106,23.23,3,3,7,,1896,1911,SA
559,['ED Solkar '],1969-1977,27,48,6,1068,102,25.42,1,6,1,,1969,1977,IND
560,['JKC Holt '],1954-1959,17,31,2,1066,166,36.75,2,5,2,,1954,1959,WI
561,['RW Chakabva '],2011-2021,22,43,4,1061,101,27.2,1,5,3,,2011,2021,ZIM
562,['Mohammad Rafique '],2000-2008,33,63,6,1059,111,18.57,1,4,8,,2000,2008,BAN
563,['RA Woolmer '],1975-1981,19,34,2,1059,149,33.09,3,2,4,,1975,1981,ENG
564,['Saleem Yousuf '],1982-1990,32,44,5,1055,91,27.05,0,5,2,,1982,1990,PAK
565,['C White '],1994-2002,30,50,7,1052,121,24.46,1,5,8,,1994,2002,ENG
566,['Sarfraz Nawaz '],1969-1984,55,72,13,1045,90,17.71,0,4,6,,1969,1984,PAK
567,['Nasir Hossain '],2011-2017,19,32,2,1044,100,34.8,1,6,2,,2011,2017,BAN
568,['S Madan Lal '],1974-1986,39,62,16,1042,74,22.65,0,5,7,,1974,1986,IND
569,['DP Sibley '],2019-2021,22,39,3,1042,133,28.94,2,5,6,,2019,2021,ENG
570,['DR Flynn '],2008-2013,24,45,5,1038,95,25.95,0,6,8,,2008,2013,NZ
571,['MG Hughes '],1985-1994,53,70,8,1032,72,16.64,0,2,10,,1985,1994,AUS
572,['Abdul Qadir '],1977-1990,67,77,11,1029,61,15.59,0,3,7,,1977,1990,PAK
573,['RS Madugalle '],1982-1988,21,39,4,1029,103,29.4,1,7,4,,1982,1988,SL
574,['KD Karthik '],2004-2018,26,42,1,1025,129,25.0,1,7,4,,2004,2018,IND
575,['GJ Rennie '],1997-2002,23,46,1,1023,93,22.73,0,7,5,,1997,2002,ZIM
576,['S Abid Ali '],1967-1974,29,53,3,1018,81,20.36,0,6,3,,1967,1974,IND
577,['AF Rae '],1948-1953,15,24,2,1016,109,46.18,4,4,1,,1948,1953,WI
578,['Fawad Alam '],2009-2022,19,30,4,1011,168,38.88,5,2,3,,2009,2022,PAK
579,['KJ Wadsworth '],1969-1976,33,51,4,1010,80,21.48,0,5,5,,1969,1976,NZ
580,['Waqar Younis '],1989-2003,87,120,21,1010,45,10.2,0,0,21,,1989,2003,PAK
581,['J Srinath '],1991-2002,67,92,21,1009,76,14.21,0,4,13,,1991,2002,IND
582,['SJ Snooke '],1906-1923,26,46,1,1008,103,22.4,1,5,1,,1906,1923,SA
583,['Umar Akmal '],2009-2011,16,30,2,1003,129,35.82,1,6,1,,2009,2011,PAK
584,['PV Simmons '],1988-1997,26,47,2,1002,110,22.26,1,4,4,,1988,1997,WI
585,['JG Bracewell '],1980-1990,41,60,11,1001,110,20.42,1,4,13,,1980,1990,NZ
586,['EJM Cowan '],2011-2013,18,32,0,1001,136,31.28,1,6,2,,2011,2013,AUS
587,['IWG Johnson '],1946-1956,45,66,12,1000,77,18.51,0,6,10,,1946,1956,AUS
